tpsa,saacc,h-050,mlogp,rdchi,gats1p,nn,c-040,lc50
0.5145702029023224,0.4113058314924295,0.0,0.01963488949070955,-1.8758089647360532,-0.9553400630544031,0.001262394374235698,0.0,-0.4550712660198206
0.5145702029023224,0.4113058314924295,0.0,0.15906243789012808,-1.554684432970242,-1.0667546889380164,0.001262394374235698,0.0,-0.09306134407301551
0.1234122621378643,0.10790118504332395,0.0,1.745910557676681,0.6522194248422709,-1.5687539132199366,0.001262394374235698,0.0,1.3073007215262242
0.1234122621378643,0.10790118504332395,0.0,1.5982509680643138,0.5995345683680046,-1.5357890034497415,0.001262394374235698,0.0,1.1682073585905115
0.1234122621378643,0.10790118504332395,0.0,0.9540586468219189,0.4390807696679295,-0.8682974859742725,0.001262394374235698,0.0,0.8044281713636292
1.0000000000000002,1.0,0.3758974417400479,-2.248682908548567,2.363947155429474,0.7780061782702657,0.001262394374235698,0.8561899476068608,0.8470928780178074
0.1234122621378643,0.10790118504332395,0.0,0.21161074633339885,-0.1344533324677347,0.39217409158071304,0.001262394374235698,0.0,1.453502115622393
0.5145702029023224,0.4113058314924295,0.0,0.5300918742678553,-0.13856931006482073,-0.1107421928928849,0.001262394374235698,0.0,-0.2310581224225123
0.5145702029023224,0.4113058314924295,0.0,-0.21843096813092766,-0.8943827634892465,0.5906313358504631,0.001262394374235698,0.0,-0.3287318583510301
0.5145702029023224,0.4113058314924295,0.0,0.22568819344569935,-1.1054975074587203,0.9250432809606299,0.001262394374235698,0.0,-0.41132677270092677
0.5145702029023224,0.4113058314924295,0.0,0.44912117638908755,-0.8943827634892465,0.9617881573899839,0.001262394374235698,0.0,-0.08714565961822388
0.16630806439983922,0.17249058620751878,0.01557166172673069,-1.299028016390717,-0.8943827634892465,1.1129203669373344,0.0,0.0,-0.3355614118592604
0.6525868784491863,0.5644225856248052,0.0,0.4479757212600615,1.5623500895769376,0.6135296398709044,0.001262394374235698,0.499335201026967,1.468944589435443
0.3067633981492597,0.2650670604956799,0.0,-2.5080846441282043,-1.674411580087374,0.27203951853476355,0.0,0.24700078982171708,-0.4296634647422385
0.7773957566514135,0.5977060097281293,0.01557166172673069,1.0566455028179007,2.0367959503139264,0.41352259908875755,0.0,0.24700078982171708,-0.2237640282076323
0.5145702029023224,0.4113058314924295,0.0,0.28921833510801276,-0.6073717171936578,-0.17652276645183693,0.001262394374235698,0.0,-0.5887837686144995
0.5145702029023224,0.4113058314924295,0.0,-0.9912305754647016,-2.3221211030365128,-1.2112929162817367,0.001262394374235698,0.0,0.08268270230998252
0.41473669042794237,0.355138707687075,0.0,1.2029025901927803,1.7253095521998905,0.29385956424510473,0.001262394374235698,0.24700078982171708,1.6134636080220728
0.23241114105465335,0.2261606076935857,0.0,-2.2189207737765053,-1.8758089647360532,1.464733984239895,0.001262394374235698,0.0,-3.198136592591954
0.4029984208802134,0.37083294041174547,0.0,-2.5706607167296656,-1.1265776555465066,1.123426151369691,0.001262394374235698,0.0,-0.7285007896441963
0.6395878054289674,0.5871151792878153,0.01557166172673069,0.4946424598769359,1.140904144245265,-0.17652276645183693,0.001262394374235698,0.24700078982171708,-0.9844409337951011
0.5206787073702944,0.5222144877695535,0.21945344617532925,-1.044615280912967,-0.2020177360360204,0.002990668559258084,0.0,0.24700078982171708,-0.1609891433828881
0.922564618568903,0.7455722248242722,0.21945344617532925,-0.7284564471435301,1.3294030697210306,1.0452611751214256,0.8527607619536549,0.499335201026967,-1.252287641025478
0.24885072803262745,0.20358886102133328,0.0,-0.854690627529714,-0.3777515659285984,1.2953193453456366,0.001262394374235698,0.0,-1.505925929930388
0.0,0.0,0.0,2.226953275211,2.363947155429474,1.260487934863688,0.0,0.0,0.7948499639058807
0.16630806439983922,0.17249058620751878,0.01557166172673069,2.121869503196043,2.2569195156276916,1.2502073008128516,0.0,0.0,1.0792326976905549
0.5569240570903093,0.3230351788748938,0.0,1.6828786058109133,1.8840617178252899,1.293275654873926,0.001262394374235698,0.0,1.3448498026332287
0.9043817571508123,0.9527017060772978,0.62398183426819,-0.12557812736680887,1.6774033266267927,0.5074294721570412,0.001262394374235698,0.0,1.0245590825037751
0.4293564676097823,0.4505312654334669,0.01557166172673069,0.5093142388600964,0.2761171240388509,0.394550210594024,0.001262394374235698,0.24700078982171708,-0.0782848969473182
0.0,0.0,0.0,1.1558210546829422,1.0419955989146563,0.7266819199813083,0.0,0.0,0.6730365552863768
0.1725738815434161,0.13865728296381946,0.0,0.8312749660744718,1.1614443614975976,0.8662221605725325,0.0,0.0,0.3451609620407308
0.5145702029023224,0.4113058314924295,0.0,-0.10857080087995213,-1.800899233393167,-1.2719764216102525,0.001262394374235698,0.0,-0.46910348781836697
0.5145702029023224,0.14629290510759901,0.0,-0.24743894909824982,-1.800899233393167,-0.7860092281385792,0.001262394374235698,0.0,-0.5600406139243014
0.49376383711547167,0.24722213017836037,0.0,0.3844005806649805,0.18139762324813422,-0.2755083970870716,0.0,0.0,1.0410597732471178
0.16630806439983922,0.17249058620751878,0.01557166172673069,-0.578635308064613,-1.1265776555465066,1.6065640664155874,0.0,0.0,-1.4411204393549861
0.7493090961632077,0.644369090465772,0.3758974417400479,-1.4242463689097065,0.6619785063763788,0.9596328161647522,0.2857650869455345,0.0,-0.9822919566029479
0.967627046453925,0.8528481751939118,0.21945344617532925,1.1548645798675605,2.363947155429474,0.20358573323196302,0.6898979485566358,0.0,0.5265142772116269
0.45461971845844595,0.5204378320735854,0.21945344617532925,1.5116388533153755,0.7383715664475569,-1.5724354552155704,0.001262394374235698,0.0,0.19929179073840894
0.5145702029023224,0.4113058314924295,0.0,1.5982509680643138,0.5377772762371946,-0.7469379863421901,0.001262394374235698,0.0,1.232017210279379
0.2689129106258703,0.3319445757831676,0.01557166172673069,0.8796131253508928,0.09856064995590436,0.5422448320108959,0.001262394374235698,0.0,0.9933800646578004
0.45461971845844595,0.5204378320735854,0.21945344617532925,0.5518656513330474,0.5315717198076789,-0.2324590504626701,0.001262394374235698,0.0,-0.11025556606183837
0.5145702029023224,0.4113058314924295,0.0,0.5256094227206347,-0.5205960134916384,0.26231345946485146,0.001262394374235698,0.0,-0.43473423032880215
0.3290398519043237,0.2763876765498016,0.21945344617532925,-0.13104085076200914,-0.5454695147950018,-0.03549749903427177,0.0,0.0,-0.18323283704383508
0.23241114105465335,0.2261606076935857,0.0,-0.3041722882953988,-0.58371356971732,0.6499787420559947,0.001262394374235698,0.0,-0.9091602970278321
0.5145702029023224,0.4113058314924295,0.0,0.5300918742678553,-0.41781183441146785,0.5906313358504631,0.001262394374235698,0.0,0.21550672490551875
0.5145702029023224,0.4113058314924295,0.0,0.5300918742678553,-0.41781183441146785,0.5906313358504631,0.001262394374235698,0.0,0.49102327506835564
0.5145702029023224,0.4113058314924295,0.0,0.5895252230845001,-0.41924743848550944,0.4840996140992953,0.001262394374235698,0.0,-0.5959974803739658
0.23241114105465335,0.2261606076935857,0.0,,-2.009906392925866,1.6221394852219229,0.001262394374235698,0.0,-3.3921168604579663
0.35829190713981585,0.33445901311476633,0.01557166172673069,0.4215282529165148,0.024045015544981656,-0.634669796150202,0.0,0.24700078982171708,0.12940450813294363
0.4293564676097823,0.4505312654334669,0.01557166172673069,-2.3904808900446204,-1.554684432970242,1.3075678959205754,0.001262394374235698,0.24700078982171708,-0.8330963752202756
0.45461971845844595,0.5204378320735854,0.21945344617532925,-1.4278562454474062,-0.9444444911521706,1.3319955122639895,0.001262394374235698,0.0,-2.498120206933371
0.5145702029023224,0.4113058314924295,0.0,-0.10857080087995213,-1.554684432970242,-0.48259731907032244,0.001262394374235698,0.0,-0.5250054708996146
0.8354977346163756,0.6383179013922868,0.01557166172673069,0.6831213797156227,0.5501720054875603,0.5004406372329653,0.5050403503809969,0.0,-0.46463419761478864
0.874872601493888,0.7132316114522209,0.01557166172673069,0.19870541061088465,0.270961321742595,0.10424641483242525,0.2857650869455345,0.0,0.8149969221222737
0.4377046285886834,0.38946713857859516,0.01557166172673069,0.001360772425650298,0.25288501978040057,0.6884563940785389,0.0,0.0,0.9738134639833846
0.685378700899447,0.6122288122797992,0.21945344617532925,-1.3420853373542188,0.3771523759784426,0.058925128467833265,0.2857650869455345,0.499335201026967,-1.564403195374268
0.23241114105465335,0.2261606076935857,0.0,-2.2189207737765053,-1.674411580087374,1.464733984239895,0.001262394374235698,0.0,-1.0859691071338204
0.7538448596927102,0.7010128975433665,0.3758974417400479,-0.5770289630112255,1.3327478070059715,0.7913221423039771,0.2857650869455345,0.24700078982171708,-0.4050199702443501
0.4293564676097823,0.4505312654334669,0.01557166172673069,-1.5791318473647051,-1.2531727846026925,1.2625420824069347,0.001262394374235698,0.24700078982171708,-0.8400196689494897
0.5195424084824385,0.395545369661351,0.0,1.003935483844655,1.1237450293574147,0.09169651060468524,0.5050403503809969,0.0,0.13280716231649373
0.7821607165146924,0.7514526961455049,0.21945344617532925,-0.2559845009244043,1.6098592714970026,0.44892240672220945,0.001262394374235698,0.0,-0.09128592213871059
0.5145702029023224,0.4113058314924295,0.0,0.4571291170310509,-1.3675662525448196,1.5438997401567942,0.001262394374235698,0.0,-0.3729829503424797
0.4293564676097823,0.4505312654334669,0.01557166172673069,-1.1085107570229378,-0.9791251900704395,1.2357865872772766,0.001262394374235698,0.24700078982171708,-0.7049143018836892
0.4293564676097823,0.4505312654334669,0.01557166172673069,-0.22336304721452038,-0.5031003505659533,1.1985542315984616,0.001262394374235698,0.24700078982171708,-0.8958051384569764
0.2689129106258703,0.3319445757831676,0.01557166172673069,-0.07618234620736584,-0.58371356971732,1.3360578309614455,0.001262394374235698,0.0,-0.8713109193264864
0.5435106678484837,0.46909896176498767,0.0,1.2770006836809609,1.759207171207898,1.3340269899762758,0.001262394374235698,0.499335201026967,0.6874375046357682
0.5435106678484837,0.46909896176498767,0.0,1.5865339073557339,1.7443941098985938,0.929377743701453,0.001262394374235698,0.499335201026967,0.035545476966622455
0.5569240570903093,0.3230351788748938,0.0,1.4908409329663226,1.5276213829202205,1.3136834609418642,0.001262394374235698,0.0,1.0046030048442578
0.5145702029023224,0.4113058314924295,0.0,0.6669626414021026,-1.0877245736982144,1.4786562909197007,0.001262394374235698,0.0,-0.08714565961822388
0.721560017363621,0.6252719765308995,0.01557166172673069,1.5926130501590101,2.363947155429474,1.1736107854154196,0.0,0.6929582047405358,0.2060072967354723
0.2689129106258703,0.3319445757831676,0.01557166172673069,1.4377588537460986,0.7960390337966783,0.5837439981454742,0.001262394374235698,0.0,0.8470928780178074
0.2689129106258703,0.3319445757831676,0.01557166172673069,1.3214197880014211,0.631437041619101,0.5422448320108959,0.001262394374235698,0.0,0.9933800646578004
0.5271066537342917,0.23654880837826592,0.0,0.5188754171519206,0.4779761674652204,0.48877331405600005,0.0,0.24700078982171708,0.8520925434971862
0.2689129106258703,0.3319445757831676,0.01557166172673069,-0.3092543509583538,-0.5955307965758377,1.3644230817782694,0.001262394374235698,0.0,-0.7945261266152747
0.9256709075722916,0.8875378708956625,0.3758974417400479,-1.2427849432833238,1.4170098996246796,1.0580034847051485,0.5050403503809969,0.24700078982171708,-1.2271261172157437
0.49376383711547167,0.24722213017836037,0.0,-0.07551124023438502,0.03340593914100204,0.6816846826746873,0.0,0.0,-0.008523439914614375
0.4851481167336784,0.16226112288310002,0.0,0.09678008126303088,-0.8324272777159711,-0.22442922440652915,0.0,0.24700078982171708,0.5207024536219059
0.4377046285886834,0.38946713857859516,0.01557166172673069,-0.4608420443659148,0.06938743447993041,-1.0474399021754275,0.0,0.0,1.227312215540238
0.6553885674463032,0.3738586335933308,0.3758974417400479,-1.5738521864802582,-0.7271162931365713,-0.2593204434671541,0.2857650869455345,0.0,-0.38552117903237165
0.5435106678484837,0.46909896176498767,0.0,0.7216256822819542,0.9710459140235753,0.8288895314011407,0.001262394374235698,0.499335201026967,0.22164457545521274
0.5435106678484837,0.46909896176498767,0.0,0.9655841228238428,1.3927107397912788,0.3564091634374953,0.001262394374235698,0.499335201026967,0.39294152136057986
0.1234122621378643,0.10790118504332395,0.0,-0.07618234620736584,-0.3734749276834776,1.6493105572151339,0.001262394374235698,0.0,-0.48061530508669353
0.4977372116902343,0.3934411521625053,0.0,-0.18831540134140076,1.7157506512772371,1.1819361932414327,0.001262394374235698,0.0,0.44728401104956245
0.5569240570903093,0.3230351788748938,0.0,0.787051213694202,0.8994160644943354,1.6860127289304827,0.001262394374235698,0.0,0.8360790826721184
0.5145702029023224,0.4113058314924295,0.0,0.6917114282591,-0.18955372549805116,0.3564091634374953,0.001262394374235698,0.0,0.5832666667175646
0.49376383711547167,0.24722213017836037,0.0,-0.2868170679141016,-0.17159348480502515,0.6477073918781565,0.0,0.0,0.06892993486237939
0.9182282019373583,0.05100747386529715,0.0,0.29999102351220763,0.8508792530413823,-0.3820708816004777,0.2857650869455345,0.0,0.9088004173828166
0.7915181648687745,0.7285247965760612,0.0,1.0232250493940884,0.7936453243515137,0.6658533357892599,0.5050403503809969,0.0,0.934493614496391
0.2689129106258703,0.3319445757831676,0.01557166172673069,-1.936289053395486,-1.674411580087374,1.6763734074322612,0.001262394374235698,0.0,-2.8370357421887684
0.46325819453514583,0.4040439084169556,0.01557166172673069,-1.394456251874113,0.16962674910744263,1.8384326854533903,0.2857650869455345,0.0,-0.7780985672889402
0.44147669021147007,0.4113058314924295,0.01557166172673069,-0.7645783780366195,-1.674411580087374,0.5027712097373198,0.001262394374235698,0.0,0.8660697530290682
0.7487740197348368,0.24005238135192347,0.0,-0.22336304721452038,-0.035105376344398996,0.20604558930466027,0.001262394374235698,0.0,1.0994332675019827
0.778278024003564,0.4635473561670864,0.21945344617532925,-0.12967423707047082,0.8354224845143117,-0.017500404525431102,0.5050403503809969,0.0,1.318912952586855
0.8104194057733564,0.40487153716489177,0.0,-0.22759721722768134,0.6044519640971432,1.015426629475663,0.5050403503809969,0.0,2.1711068334366654
0.4851481167336784,0.16226112288310002,0.0,-0.5081057865000876,-1.3675662525448196,-0.617197679540541,0.0,0.24700078982171708,0.4563796055825616
0.5675079558060361,0.29493206813329415,0.21945344617532925,-1.5738521864802582,-0.7726657901666725,-0.012369967414687906,0.2857650869455345,0.0,-1.0691189591655095
0.5675079558060361,0.29493206813329415,0.21945344617532925,-0.3056233726650634,0.05475214528817632,-0.5422514647774621,0.2857650869455345,0.0,-0.7096217298182348
0.6100607978851309,0.524237374841278,0.21945344617532925,-0.07685359975725668,0.0773565962298777,0.5998016092512723,0.8527607619536549,0.0,-0.7230986831149554
0.7477565237958866,0.6317010101484958,0.21945344617532925,-0.2438857736473943,0.3389603184964478,0.470055174851023,1.0,0.24700078982171708,1.0357260780060256
0.2689129106258703,0.3319445757831676,0.01557166172673069,,-2.009906392925866,1.9468891375849064,0.001262394374235698,0.0,-3.3268505731182407
0.8547961922659736,0.8085586446575324,0.0,1.0291422964016024,1.7992807965666093,0.1813959114868331,0.0,0.499335201026967,0.3057604265532639
0.3317683037256761,0.2956451777526854,0.0,-1.1085107570229378,-1.015616712591117,1.747385180071019,0.001262394374235698,0.24700078982171708,-1.0771691728746593
0.5435106678484837,0.46909896176498767,0.0,-1.3329348422115432,-0.27031473084921,1.7378318058413313,0.001262394374235698,0.499335201026967,-1.0247572750814067
0.9926478128820034,0.5233186654640972,0.0,-1.7102879333947807,0.5588353684972938,0.34683251531119663,0.001262394374235698,0.499335201026967,1.898814934845741
0.5435106678484837,0.46909896176498767,0.0,0.12082760675210415,0.374612838734995,0.7334017996557494,0.001262394374235698,0.499335201026967,-0.5431390724790144
0.5416528426113767,0.4272671481180167,0.0,-1.6044599560011978,-0.24793165281353827,1.2254660927314374,0.0,0.24700078982171708,-1.1953299175244985
0.1234122621378643,0.10790118504332395,0.0,-1.3181639203171067,-1.3675662525448196,2.1101618218696983,0.001262394374235698,0.0,-1.9789441442548614
0.8193132266533787,0.5441544718166168,0.0,0.1863679071046099,0.6191837753038161,1.7816682353115187,0.0,0.0,2.1711068334366654
0.8705757925977456,0.13604024989138008,0.0,0.42902246748238804,0.7552385851694358,-0.30804681903338055,0.001262394374235698,0.0,1.0333001669283262
0.7940221092528479,0.3903182651491295,0.0,0.028732286789168653,0.6338851697348046,0.9120212832070583,0.2857650869455345,0.0,1.9898799125603364
0.8914236836188479,0.4659036070608027,0.0,-0.11060661980124786,0.6191837753038161,0.6929665048474085,0.0,0.0,1.8134761135643442
0.725850698819474,0.3037063351127742,0.0,0.49972786629154514,0.49921415141385345,0.4087855776803304,0.0,0.0,2.108849808272388
0.8705757925977456,0.13604024989138008,0.0,-0.2868170679141016,0.1328726911007112,0.01575627626096287,0.001262394374235698,0.0,1.838025359972824
0.621927764747705,0.5387706487920452,0.01557166172673069,-0.5277242840008827,0.47296959567245267,0.8068197827295425,0.0,0.499335201026967,-0.9014233280688816
0.28018461377247794,0.2520508483932338,0.01557166172673069,0.27419969244545145,0.3771523759784426,0.4371474127768905,0.0,0.0,0.30905453038062386
0.6920170325220792,0.06014372267293415,0.0,0.21161074633339885,0.17616868532952967,-0.4572636202401891,0.001262394374235698,0.0,1.5195636261563457
0.44147669021147007,0.4113058314924295,0.01557166172673069,-1.26793899860947,-2.009906392925866,0.42062057211817744,0.001262394374235698,0.0,0.5905828667228556
0.49376383711547167,0.24722213017836037,0.0,-0.5850708325687619,-0.031055217076541387,0.38503960920344743,0.0,0.0,-0.030113503191189724
0.8705757925977456,0.13604024989138008,0.0,-0.8021412945619812,-0.024310579785642963,-0.045810069616398774,0.001262394374235698,0.0,1.3577798700813815
1.0000000000000002,1.0,0.62398183426819,,2.363947155429474,1.244030980381387,0.0,0.24700078982171708,-0.75968989935363
1.0000000000000002,1.0,0.62398183426819,-2.363230932562363,2.363947155429474,1.338088035817836,0.2857650869455345,0.24700078982171708,-0.42017022102916457
1.0000000000000002,1.0,0.5077858308633653,-2.7446334651227873,2.363947155429474,1.311645582842538,0.0,0.24700078982171708,0.06548615061353752
0.5212461657741679,0.464534747427388,0.01557166172673069,1.2881473390955003,1.3583435044205587,0.34922824215552145,0.2857650869455345,0.499335201026967,-0.10669339620266903
0.3290398519043237,0.2763876765498016,0.21945344617532925,-0.13104085076200914,-0.5089265623953766,-0.03549749903427177,0.0,0.0,0.8800149308527956
0.1784525657102866,0.16226112288310002,0.0,-0.622395759799405,-0.5089265623953766,0.4817613084415309,0.0,0.0,-0.6229846992497541
0.699905582717576,0.5711985378438464,0.5077858308633653,0.4053328914651326,0.5079404992329997,-0.5824541522430583,0.6898979485566358,0.0,0.08268270230998252
0.6813480432371908,0.7218191033283012,0.21945344617532925,-0.42120300988729215,1.173969655855483,0.4158895966893995,0.5050403503809969,0.24700078982171708,-0.6554470530012038
0.30430479133387267,0.26715486614406375,0.0,-2.3190079769191088,-1.0523526180368192,2.1101618218696983,0.2857650869455345,0.0,-2.102083913535367
0.5833689694890736,0.48396538133063893,0.0,-0.5300884567755256,0.35171465426362947,1.4945317536054132,0.6898979485566358,0.0,1.31566360791552
0.4396336594315795,0.05100747386529715,0.0,-1.5738521864802582,-1.0523526180368192,0.45127443264947154,0.2857650869455345,0.0,-1.538756585828573
0.6013285615683102,0.29493206813329415,0.21945344617532925,,-1.4257297437744314,-0.34354558522330003,0.2857650869455345,0.0,-0.6821191292804812
0.79702854248321,0.05100747386529715,0.0,-1.7647781028971772,-0.48565557210197097,-0.5565691341404057,0.2857650869455345,0.0,0.21047968621319327
0.9182282019373583,0.05100747386529715,0.0,-1.7647781028971772,-0.2647114300022922,-0.9240473882227707,0.2857650869455345,0.0,0.8445914993718587
1.0000000000000002,0.6373743333981791,0.5077858308633653,,0.0773565962298777,-0.20840875297695946,0.5050403503809969,0.0,1.4721194981392178
0.423617004579976,0.19042656153573778,0.0,-0.7732604839314718,-0.7559223771630591,2.1101618218696983,0.5050403503809969,0.0,-2.27323931686473
1.0000000000000002,1.0,0.8256337759079153,,1.4599034091708736,-0.3793087473396406,0.2857650869455345,0.24700078982171708,-0.56264629623351
1.0000000000000002,1.0,0.8256337759079153,,1.4225220436358499,-0.15801674989089964,0.2857650869455345,0.24700078982171708,1.0274741364175712
0.0,0.0,0.0,-0.13104085076200914,-0.5205960134916384,0.5699444236807429,0.0,0.0,-0.06060903279993508
0.6013285615683102,0.29493206813329415,0.21945344617532925,-0.5459049114971741,-0.25911315905145554,-0.7022826990679245,0.2857650869455345,0.0,-0.7454244174579543
0.8734108228033647,0.571320807429702,0.21945344617532925,-1.4866932265333621,1.2340345282811758,0.44892240672220945,0.6898979485566358,0.0,-1.1825312332958937
0.22091127149448572,0.1876835216894105,0.0,-0.8456988281185402,0.07071629918113734,0.6043812613322896,0.2857650869455345,0.0,0.14017216828341705
0.683883796265128,0.6658576890671322,0.01557166172673069,-0.9617204749743073,1.3227093054973957,0.5491823615417223,0.5050403503809969,0.24700078982171708,-0.4972930348785552
0.6172021915091516,0.05100747386529715,0.0,-2.2279736064760116,-0.6281507725962169,-0.39313547292548096,0.2857650869455345,0.0,0.5423349069629793
0.7323578387259926,0.5159631976293538,0.01557166172673069,-1.932857625369169,-0.031055217076541387,2.1101618218696983,0.0,0.24700078982171708,0.6930854230777892
0.8884038709573955,0.4027492840285354,0.01557166172673069,,-0.282940618762464,0.06903056738700043,0.0,0.24700078982171708,0.36040825163972606
0.7987568665949325,0.5804959746245004,0.01557166172673069,,0.018689882079110143,0.6043812613322896,0.5050403503809969,0.499335201026967,0.35496757899517123
0.78293537522406,0.6337870208761909,0.01557166172673069,,-0.08799020414763913,1.4328009230879588,0.2857650869455345,0.0,0.7645023344785978
0.6895050146714974,0.47514663422219405,0.01557166172673069,-1.3329348422115432,-0.21034079575221526,0.43950439765154203,0.2857650869455345,0.0,0.5848352002587417
0.5080038675817706,0.43911449722432827,0.01557166172673069,-0.6836354817335759,0.39110310484657196,0.624944716788661,0.0,0.0,1.071037832976724
0.5717526694425756,0.4847241001892255,0.01557166172673069,-1.0406867335121817,0.39110310484657196,0.8068197827295425,0.0,0.0,1.2437647114118995
0.4377046285886834,0.38946713857859516,0.01557166172673069,-0.11128553134006504,0.3974350190146082,0.01575627626096287,0.0,0.0,0.7857617794435235
0.6553885674463032,0.3738586335933308,0.3758974417400479,,-1.554684432970242,-1.0186372204828675,0.2857650869455345,0.0,-0.3052118900247948
0.5065569561668571,0.19710186857969414,0.01557166172673069,-2.2698914448970657,-1.1706258626961827,0.1142647778174205,0.2857650869455345,0.0,-1.57521194644871
0.6756151036950454,0.43342071441218355,0.21945344617532925,-1.2147479597121469,0.8994160644943354,0.8989712307826732,0.5050403503809969,0.0,-0.9466348031594662
0.16630806439983922,0.17249058620751878,0.01557166172673069,-0.36874163280362604,-0.6073717171936578,0.141717393110058,0.0,0.0,0.7084614845235834
0.2689129106258703,0.3319445757831676,0.01557166172673069,,-2.3221211030365128,2.1101618218696983,0.001262394374235698,0.0,-2.7692171954855476
0.6514515992837123,0.7076587854689621,0.0,0.9680853705067473,1.734857358893996,0.40167246066348233,0.2857650869455345,0.24700078982171708,0.6838405610631482
0.6292715506697668,0.5028512279523405,0.0,0.7608023654698818,1.7337970381464611,0.20358573323196302,0.5050403503809969,0.0,1.183864046893197
1.0000000000000002,0.7136839509697983,0.5077858308633653,-2.3190079769191088,1.1168705615049934,-0.46288148612140784,0.6898979485566358,0.0,-0.09306134407301551
0.6933272552177108,0.6017799048888067,0.21945344617532925,-0.20438514879803696,1.2813038724595416,0.32522376189780416,0.2857650869455345,0.0,0.0941161486724647
0.5435106678484837,0.46909896176498767,0.0,-0.2624103844377206,0.06406928593725009,0.6613221660165444,0.001262394374235698,0.499335201026967,-0.4360027617014991
0.41473669042794237,0.355138707687075,0.0,0.9030567790144616,1.1682788760493263,1.2068469478781625,0.001262394374235698,0.24700078982171708,0.5449674568491927
0.5654432268023505,0.48175971479683344,0.0,-0.33333709175730575,0.6056807813960062,1.009014696105907,0.0,0.499335201026967,-0.5868183423711593
0.3623418539840524,0.31336660127744037,0.0,0.3925557098134606,0.5266033294077719,0.5745479809617946,0.0,0.24700078982171708,-0.08773692116275698
0.36160775495112585,0.3872238011060093,0.01557166172673069,,-1.2531727846026925,2.0225666650530343,0.001262394374235698,0.0,-3.3268505731182407
0.41473669042794237,0.355138707687075,0.0,-1.6439514286829315,-0.6624483273993272,1.9783651890040597,0.001262394374235698,0.24700078982171708,-1.3155123748877617
0.4405959242241396,0.43707434694470026,0.01557166172673069,-2.1706580442328773,-0.43362216095943945,1.9338877331566002,0.001262394374235698,0.0,-1.8342200340716546
0.6277342825532186,0.487252975234332,0.01557166172673069,-1.7131797200806878,-0.5925742741293722,1.2068469478781625,0.001262394374235698,0.0,1.6161275098036008
0.7688947048871183,0.4413320963937427,0.01557166172673069,,-0.6969485448503884,0.929377743701453,0.0,0.24700078982171708,-0.22680193896125173
0.7526197137410219,0.39537229375944294,0.21945344617532925,,-1.2565016851779622,0.8420923332394354,0.0,0.0,1.118133282281728
0.8914236836188479,0.4659036070608027,0.0,-0.3245558008007323,0.39110310484657196,0.6839427938606993,0.0,0.0,1.6036870694089973
0.8914236836188479,0.4659036070608027,0.0,-0.5666122686608324,0.34916568684507443,0.6771658330638277,0.0,0.0,1.455320731718844
0.9720362996827218,0.4808727831254018,0.0,-1.201945409842332,0.7780670262607406,-0.16858319028663202,0.5050403503809969,0.24700078982171708,1.6863464622803872
0.1234122621378643,0.10790118504332395,0.0,1.0148278176817496,-0.2675124508412909,-1.2381470055745085,0.001262394374235698,0.0,1.3040455924214367
0.36160775495112585,0.3872238011060093,0.01557166172673069,0.3937191869763004,-0.2675124508412909,-1.3474616753905295,0.001262394374235698,0.0,0.9028559044533585
0.36160775495112585,0.3872238011060093,0.01557166172673069,0.2195748367684621,-0.32662740228433695,-1.1056612983562066,0.001262394374235698,0.0,0.5722750367498829
0.8216980344505344,0.6156450126706973,0.0,0.5345688410104456,0.3159423811016871,0.5745479809617946,0.2857650869455345,0.0,0.6291021622594852
0.36160775495112585,0.3872238011060093,0.01557166172673069,0.2195748367684621,-0.3209730452284104,-1.1056612983562066,0.001262394374235698,0.0,0.49049188764982893
0.41239087319325407,0.3383705787497593,0.21945344617532925,-0.8691519328678196,-0.5089265623953766,0.18880277521607144,0.0,0.0,0.5952812767791748
0.46325819453514583,0.4040439084169556,0.01557166172673069,-0.3843747430648092,0.2515920037767395,0.4158895966893995,0.2857650869455345,0.0,-0.8434854237856
0.798807653430722,0.4909655380032665,0.01557166172673069,-0.980712842632927,1.3572323815595788,0.3731283082260433,0.5050403503809969,0.0,-0.5489826837759558
0.41239087319325407,0.3383705787497593,0.21945344617532925,-0.8691519328678196,-0.5235169357659701,0.18880277521607144,0.0,0.0,0.6322142347000341
0.36160775495112585,0.3872238011060093,0.01557166172673069,-0.8691519328678196,-0.5235169357659701,0.26960964151966293,0.001262394374235698,0.0,-0.6236449040249924
0.1234122621378643,0.10790118504332395,0.0,-0.36874163280362604,-0.6073717171936578,0.3897969525548053,0.001262394374235698,0.0,-0.6554470530012038
0.41239087319325407,0.3383705787497593,0.21945344617532925,-0.8691519328678196,-0.5454695147950018,0.18880277521607144,0.0,0.0,-0.2854925699448859
0.36160775495112585,0.3872238011060093,0.01557166172673069,-0.8691519328678196,-0.5454695147950018,0.26960964151966293,0.001262394374235698,0.0,-0.4934391037375663
0.6880744911665159,0.5510945677397896,0.3758974417400479,-0.12967423707047082,2.2299576142063935,0.2011247454102612,0.2857650869455345,0.0,0.36149574964635045
0.791569330318094,0.1942866034728703,0.0,0.06678676359961304,0.31338003318386004,0.4606726683992096,0.001262394374235698,0.0,1.1999552382835432
0.7558123790525545,0.524237374841278,0.21945344617532925,0.48388309323721446,0.6522194248422709,0.30835776120648467,0.8527607619536549,0.0,-0.002122002914861524
0.8273886577063169,0.5778051815314412,0.3758974417400479,-0.07685359975725668,0.05208767203903195,0.2011247454102612,0.8527607619536549,0.0,-0.11798213443918684
0.5145702029023224,0.4113058314924295,0.0,0.6917114282591,-0.5454695147950018,0.3564091634374953,0.001262394374235698,0.0,0.5317926563639636
0.5145702029023224,0.4113058314924295,0.0,0.5256094227206347,-0.6281507725962169,0.26231345946485146,0.001262394374235698,0.0,0.023984306314003067
0.2689129106258703,0.3319445757831676,0.01557166172673069,-0.13104085076200914,-0.6281507725962169,0.036115831800903914,0.001262394374235698,0.0,0.15825843740953832
0.5145702029023224,0.4113058314924295,0.0,0.34333762569474924,-0.7044757629940833,0.14420602041059535,0.001262394374235698,0.0,-0.5946850594141031
0.83393013724387,0.761389668232797,0.21945344617532925,0.007899464740488528,0.8008240986041737,-0.5623087259800945,0.0,0.0,-0.20678575476866443
0.5145702029023224,0.4113058314924295,0.0,0.6917114282591,-0.41781183441146785,0.3564091634374953,0.001262394374235698,0.0,-0.10076195573206458
0.5145702029023224,0.4113058314924295,0.0,0.49803352312480903,-0.7044757629940833,-0.5911151854143045,0.001262394374235698,0.0,0.2522305437999935
0.2689129106258703,0.3319445757831676,0.01557166172673069,-0.36874163280362604,-0.7044757629940833,-0.14747264876758748,0.001262394374235698,0.0,-0.47421640289608497
0.1784525657102866,0.16226112288310002,0.0,0.17274340219791703,-0.016226274454131922,-0.07687367404946224,0.0,0.0,-0.533415915491489
0.5145702029023224,0.4113058314924295,0.0,0.7528930977592344,-0.10298547004945992,-0.3655220183186991,0.001262394374235698,0.0,0.278232798151243
0.3502867033808482,0.4113058314924295,0.0,0.4747976568582584,-0.24932824743969767,-0.8193451220294721,0.001262394374235698,0.0,-0.276890108924603
0.5145702029023224,0.4113058314924295,0.0,0.34333762569474924,-0.713521347049303,0.14420602041059535,0.001262394374235698,0.0,-0.5108066368129759
0.3290398519043237,0.2763876765498016,0.21945344617532925,-0.36874163280362604,-0.713521347049303,-0.2324590504626701,0.0,0.0,0.3810346009856032
0.2689129106258703,0.3319445757831676,0.01557166172673069,-0.36874163280362604,-0.713521347049303,-0.14747264876758748,0.001262394374235698,0.0,-0.44235047180651654
0.49531181870851604,0.37307216390032466,0.0,-0.09841222181976132,-0.43362216095943945,-0.1659394781087758,0.0,0.0,-0.26768977187092063
0.5145702029023224,0.4113058314924295,0.0,0.7528930977592344,-0.1303400140580401,-0.3655220183186991,0.001262394374235698,0.0,0.28981115643229444
0.5145702029023224,0.4113058314924295,0.0,0.34333762569474924,-0.7286288190879481,0.14420602041059535,0.001262394374235698,0.0,-0.4226999154576293
0.2689129106258703,0.3319445757831676,0.01557166172673069,-0.36874163280362604,-0.7286288190879481,-0.14747264876758748,0.001262394374235698,0.0,-0.37736763693486375
0.7358926239045213,0.6559632277471573,0.21945344617532925,-2.374012835808697,0.42648728300271505,0.6295044296541774,0.2857650869455345,0.24700078982171708,-1.4355027711530455
0.3502867033808482,0.4113058314924295,0.0,0.4747976568582584,-0.2689134333429953,-0.8193451220294721,0.001262394374235698,0.0,0.15317782865327925
0.5145702029023224,0.4113058314924295,0.0,0.04555828069117714,-1.4257297437744314,1.1381047398413904,0.001262394374235698,0.0,-0.2910306532415807
0.5145702029023224,0.4113058314924295,0.0,-0.5112348646798374,-1.8758089647360532,-1.2992541877160861,0.001262394374235698,0.0,-0.7576491806201584
0.41473669042794237,0.355138707687075,0.0,1.2029025901927803,1.7253095521998905,-0.2057437259212603,0.001262394374235698,0.24700078982171708,1.7775749327487647
0.23241114105465335,0.2261606076935857,0.0,-0.6979219865241635,-1.3675662525448196,0.3731283082260433,0.001262394374235698,0.24700078982171708,-1.2653121308112256
0.5145702029023224,0.4113058314924295,0.0,0.5435064002985196,-1.2999712714590006,2.1101618218696983,0.001262394374235698,0.0,0.24890220682230096
0.5145702029023224,0.4113058314924295,0.0,0.3521776097549704,-1.3675662525448196,-1.3998010081392473,0.001262394374235698,0.0,-0.1790170410929934
0.5145702029023224,0.4113058314924295,0.0,0.1378064270683573,-1.4257297437744314,-1.499510885779231,0.001262394374235698,0.0,-0.6368689755121334
0.5145702029023224,0.3435090069575317,0.0,0.01963488949070955,-1.3675662525448196,-0.7589228397563149,0.001262394374235698,0.0,-0.32067284436765764
0.5145702029023224,0.4113058314924295,0.0,1.8977938053239467,0.687533061831157,-1.2719764216102525,0.001262394374235698,0.0,1.8654880465620292
0.5145702029023224,0.4113058314924295,0.0,-0.10857080087995213,-1.800899233393167,2.1101618218696983,0.001262394374235698,0.0,-0.5172553367050666
0.5145702029023224,0.4113058314924295,0.0,-0.40009741910814917,-1.8758089647360532,-1.5103563043390638,0.001262394374235698,0.0,-0.7753665450981552
0.5145702029023224,0.4113058314924295,0.0,0.6895657278619923,-0.6236919336083667,-0.014934544665300522,0.001262394374235698,0.0,1.1667821197962533
0.1734196902078083,0.10790118504332395,0.0,1.1424109157419364,0.5687233556705572,-1.3648276069663097,0.001262394374235698,0.0,1.0652467885837296
0.5989706565660621,0.42269088806000044,0.0,0.6197084085501512,0.4277476616716442,0.1863349639392673,0.001262394374235698,0.0,0.452101142988827
0.1734196902078083,0.10790118504332395,0.0,1.0266778008239037,0.34916568684507443,-1.5031224370651737,0.001262394374235698,0.0,0.9196837402377195
0.5145702029023224,0.4113058314924295,0.0,1.4534350642226754,0.12628801781110394,-1.6809015691055404,0.001262394374235698,0.0,1.1938074915651946
0.5145702029023224,0.4113058314924295,0.0,1.6051807262954347,0.20227258744498403,-1.6468797763515812,0.001262394374235698,0.0,1.1205267308320128
0.5145702029023224,0.4113058314924295,0.0,-0.20859180071730163,-1.554684432970242,-1.5139786417706937,0.001262394374235698,0.0,-0.6203448279699881
0.5145702029023224,0.4113058314924295,0.0,-0.5112348646798374,-1.674411580087374,-1.2992541877160861,0.001262394374235698,0.0,-1.2149835063531882
0.5145702029023224,0.4113058314924295,0.0,0.1378064270683573,-1.283209343566901,-0.9647735405779071,0.001262394374235698,0.0,-0.5095179564599682
0.5145702029023224,0.4113058314924295,0.0,0.1378064270683573,-1.5037516189944722,-1.499510885779231,0.001262394374235698,0.0,-0.39054558687615964
0.5145702029023224,0.4113058314924295,0.0,-0.10857080087995213,-1.554684432970242,-0.48259731907032244,0.001262394374235698,0.0,-0.7177030597688753
0.1734196902078083,0.10790118504332395,0.0,-1.835720854491691,-1.0700097996414395,0.08163489223383172,0.001262394374235698,0.0,-0.553532775014599
0.5145702029023224,0.4113058314924295,0.0,-0.20859180071730163,-1.3675662525448196,-0.8991792872317174,0.001262394374235698,0.0,-0.09779881169722919
0.5145702029023224,0.4113058314924295,0.0,-0.40009741910814917,-1.674411580087374,-0.798101794528585,0.001262394374235698,0.0,-1.3318694746216513
0.24885072803262745,0.20358886102133328,0.0,-0.6777770080195957,-0.3734749276834776,0.5213812839653926,0.001262394374235698,0.0,-0.9973577690257641
0.6385559612862557,0.5540849890448284,0.21945344617532925,,-1.2084375466375084,1.5083917118431578,0.001262394374235698,0.0,-0.9211448264290819
0.5145702029023224,0.4113058314924295,0.0,1.2288391970184367,-0.5645607458870664,-1.6619595501562412,0.001262394374235698,0.0,0.6103948381839704
0.5145702029023224,0.4113058314924295,0.0,0.9515488005932983,-0.650495938869771,-1.5212341782344405,0.001262394374235698,0.0,0.14978808509545335
0.2689129106258703,0.3319445757831676,0.01557166172673069,0.8734748048231306,-0.41637656904313347,-2.335315229945206,0.001262394374235698,0.0,0.5895382594888285
0.5145702029023224,0.4113058314924295,0.0,1.9246236851806233,0.40123137940419784,-1.5430884689800133,0.001262394374235698,0.0,1.5765058279073516
0.5145702029023224,0.4113058314924295,0.0,2.0202129308570282,0.497966642152435,-1.6318647235022263,0.001262394374235698,0.0,2.0802244744184026
0.2689129106258703,0.3319445757831676,0.01557166172673069,0.4041732390241019,-0.5513372152330495,-1.1647341584109208,0.001262394374235698,0.0,0.6270265269214821
0.5145702029023224,0.4113058314924295,0.0,1.2288391970184367,-0.5513372152330495,-1.6619595501562412,0.001262394374235698,0.0,0.2194134312999529
0.2689129106258703,0.3319445757831676,0.01557166172673069,0.5563161650251016,-0.5513372152330495,-1.8642974471016607,0.001262394374235698,0.0,0.003690676565554178
0.5145702029023224,0.4113058314924295,0.0,1.364032020672348,-0.4827530250373668,-1.5983132390740031,0.001262394374235698,0.0,0.10666458913240799
0.3290398519043237,0.2763876765498016,0.21945344617532925,0.5563161650251016,-0.5454695147950018,-2.0415629526571,0.0,0.0,0.15600098195498474
0.2689129106258703,0.3319445757831676,0.01557166172673069,0.5563161650251016,-0.5454695147950018,-1.8642974471016607,0.001262394374235698,0.0,0.21383156218092403
0.5145702029023224,0.4113058314924295,0.0,2.0202129308570282,0.5179001838486343,-1.6318647235022263,0.001262394374235698,0.0,1.9375001529451308
0.5145702029023224,0.4113058314924295,0.0,1.6064789269378907,0.33512937765718914,-1.2482649958221737,0.001262394374235698,0.0,0.6311770611647991
0.5601554364778549,0.42421317289684357,0.0,1.0669127245928125,0.803215455508649,-1.1614293534783038,0.0,0.0,0.7533362329537671
0.49531181870851604,0.37307216390032466,0.0,0.4410952720247032,-0.35213635206992494,-1.5983132390740031,0.0,0.0,-0.03186798733776655
0.7784854982277207,0.7968678910812558,0.01557166172673069,0.8379951296862345,1.173969655855483,-0.5508367123176576,0.0,0.24700078982171708,-0.1364544292779914
0.2689129106258703,0.3319445757831676,0.01557166172673069,0.04684889514097575,-0.6281507725962169,-0.7409577891170648,0.001262394374235698,0.0,0.6575678051163326
0.5145702029023224,0.4113058314924295,0.0,0.8146842346490692,-0.6281507725962169,-0.9868682081551898,0.001262394374235698,0.0,0.5159429444376251
0.4505321206172115,0.5881936355632592,0.0,1.0595815630388645,1.1557442726518092,-0.009806670852080252,0.5050403503809969,0.0,0.12883718861647223
0.5145702029023224,0.4113058314924295,0.0,0.9515488005932983,-0.6281507725962169,-1.5212341782344405,0.001262394374235698,0.0,0.19481015886396594
0.3290398519043237,0.2763876765498016,0.21945344617532925,0.21528883727013248,-0.6281507725962169,-1.658183493260073,0.0,0.0,0.5212310443742337
0.2689129106258703,0.3319445757831676,0.01557166172673069,0.21528883727013248,-0.6281507725962169,-1.5176045961170905,0.001262394374235698,0.0,0.17628407742419339
0.49531181870851604,0.37307216390032466,0.0,0.4410952720247032,-0.3592409733463463,-1.5983132390740031,0.0,0.0,0.09868264402941106
0.5145702029023224,0.4113058314924295,0.0,1.825123603373907,0.407554010933081,-1.4138821482335668,0.001262394374235698,0.0,1.2933387125083207
0.3290398519043237,0.2763876765498016,0.21945344617532925,0.21528883727013248,-0.6281507725962169,-1.658183493260073,0.0,0.0,0.14526509498891216
0.36160775495112585,0.3872238011060093,0.01557166172673069,0.8390279907783691,0.5995345683680046,-1.125255802159765,0.001262394374235698,0.0,0.8695590418515246
0.49531181870851604,0.37307216390032466,0.0,0.2838192381940267,-0.3677773819749243,-0.7739501130235049,0.0,0.0,-0.1298920691669899
0.684574073651317,0.5761038672044482,0.3758974417400479,1.1710957159011646,1.4960182257906929,-0.8468122307910738,0.8527607619536549,0.0,1.1334357700024802
0.5145702029023224,0.4113058314924295,0.0,0.6463956173889607,-0.7044757629940833,-1.2550249419666464,0.001262394374235698,0.0,-0.20799658084348605
0.46325819453514583,0.4040439084169556,0.01557166172673069,0.48104635081258607,1.0812531894490178,0.020853687172926304,0.2857650869455345,0.0,0.28485198539728884
0.470560313919422,0.3405520825740126,0.0,1.2811839811998733,0.6216361148939223,-0.23513857723065407,0.001262394374235698,0.0,0.12770236899478946
0.49531181870851604,0.37307216390032466,0.0,0.07766779820100618,-0.41781183441146785,-1.1154466410659303,0.0,0.0,-0.10491324172164204
0.5145702029023224,0.4113058314924295,0.0,1.6064789269378907,0.3695309482756164,-1.2482649958221737,0.001262394374235698,0.0,0.919189462370772
0.5145702029023224,0.4113058314924295,0.0,1.125107189997703,0.24382870247406563,-0.7829913241523596,0.001262394374235698,0.0,0.6239116913862922
0.5145702029023224,0.4113058314924295,0.0,1.825123603373907,0.4390807696679295,-1.4138821482335668,0.001262394374235698,0.0,1.8177891935968684
0.5145702029023224,0.4113058314924295,0.0,1.825123603373907,0.3809599247834301,-1.4138821482335668,0.001262394374235698,0.0,1.293804595037863
0.36817921939488363,0.3621177120554641,0.0,1.0541972116869298,1.1523221816267601,-0.36827618103413456,0.5050403503809969,0.0,0.9206721765952399
0.5145702029023224,0.4113058314924295,0.0,0.8918616518465078,-0.10298547004945992,-0.9209308698020369,0.001262394374235698,0.0,0.558112212062056
0.5145702029023224,0.4113058314924295,0.0,0.6463956173889607,-0.713521347049303,-1.2550249419666464,0.001262394374235698,0.0,-0.10847417076659
0.49531181870851604,0.37307216390032466,0.0,0.07766779820100618,-0.43362216095943945,-1.1154466410659303,0.0,0.0,-0.39180250597372385
0.5145702029023224,0.4113058314924295,0.0,1.125107189997703,0.22567949063928483,-0.7829913241523596,0.001262394374235698,0.0,0.6316956709153441
0.5145702029023224,0.4113058314924295,0.0,0.8918616518465078,-0.1303400140580401,-0.9209308698020369,0.001262394374235698,0.0,0.294215563591832
0.5145702029023224,0.4113058314924295,0.0,0.3041712727275859,-0.8063002951738742,-0.8560070194661162,0.001262394374235698,0.0,-0.3430227436525244
0.5145702029023224,0.4113058314924295,0.0,0.6463956173889607,-0.7286288190879481,-1.2550249419666464,0.001262394374235698,0.0,0.17065754101427338
0.6703697793083216,0.47331924950062476,0.01557166172673069,-1.843667991689186,-0.08799020414763913,0.9768542998265246,0.6898979485566358,0.24700078982171708,-1.2683829569735987
0.2881150106066832,0.47261115796049424,0.0,0.9111792039818807,1.2396769672412205,-0.1422089312841488,0.0,0.0,0.23389955007545887
0.6043135094229936,0.47331924950062476,0.0,-1.392095118615213,-0.02026716657294981,1.2337238241390496,0.6898979485566358,0.24700078982171708,-0.9324549918044586
0.5145702029023224,0.4156951102699463,0.0,-0.40009741910814917,-1.5037516189944722,2.0883624751454613,0.001262394374235698,0.0,-1.7196286755068857
0.6286569943577838,0.5778259459841004,0.21945344617532925,,-0.6281507725962169,0.21341838261040225,0.2857650869455345,0.24700078982171708,-0.4703812004791543
0.6813480432371908,0.6777193075118731,0.21945344617532925,-0.5120177188809122,1.3182436125999297,0.2232330234281491,0.5050403503809969,0.24700078982171708,-0.45379765847070963
0.4760403637517857,0.41375122352636673,0.0,1.1154635253200167,1.36389676415239,-0.25124654552726733,0.5050403503809969,0.0,0.052264135171986956
0.44879474582971135,0.4426241827623294,0.01557166172673069,0.5423903953410567,1.6098592714970026,0.30594407276106406,0.0,0.0,0.690005409510356
0.6190086707475511,0.546676256910285,0.0,0.71896422242864,2.109105534822377,0.4158895966893995,0.6898979485566358,0.499335201026967,0.19761161332168417
0.588302824196793,0.49284690277074406,0.0,1.3209593744038488,1.9339001699303164,-0.11335690551858385,0.0,0.499335201026967,1.997451825854803
0.588302824196793,0.6496356049677343,0.0,1.0281566735066758,1.9721172412354335,-0.030349010559444906,0.0,0.499335201026967,2.03770192864268
0.588302824196793,0.49284690277074406,0.0,1.3034282172098464,1.8464876121434948,-1.0250204165600518,0.0,0.499335201026967,2.1711068334366654
0.588302824196793,0.49284690277074406,0.0,0.8724508358586281,1.7877004607975875,-0.2566276625679848,0.0,0.499335201026967,2.1711068334366654
0.8857486819635231,0.5756804949063511,0.3758974417400479,-1.2945544649429213,0.8091904253984956,0.19126944530828832,1.0,0.24700078982171708,-1.2984495610835929
0.6860677860162447,0.4478864964043434,0.0,0.36627507724834146,0.47171739104630256,0.16655120006355506,0.0,0.499335201026967,1.0492938299500247
0.8082588883506031,0.42585939233192704,0.0,-1.3226959522238293,-0.8324272777159711,-0.7230657186001392,0.2857650869455345,0.499335201026967,0.9399149789023465
0.588302824196793,0.5491849747576546,0.0,1.0586031050438591,1.8171459690693714,-0.2593204434671541,0.0,0.499335201026967,2.1711068334366654
0.588302824196793,0.49284690277074406,0.0,0.9775762167029511,1.7877004607975875,-0.6727601927962067,0.0,0.499335201026967,2.1711068334366654
0.42080946371243155,0.41706199727797033,0.0,0.5485242312354657,1.282425834245218,0.24036560778674393,0.2857650869455345,0.24700078982171708,0.24501658458890105
0.5223797060893657,0.43684479808655896,0.0,,-0.6073717171936578,0.24280867283500007,0.5050403503809969,0.24700078982171708,-0.717029061538162
1.0000000000000002,0.9171306834852648,0.9155493997605624,-2.54552716622169,1.0315696373148295,0.08666812007919827,1.0,0.24700078982171708,-1.0038310298476623
0.474902471543873,0.4075387026501579,0.21945344617532925,,-1.554684432970242,0.3588007219844985,0.0,0.24700078982171708,-1.2096826781249532
1.0000000000000002,0.9784146184089013,0.7290310511428268,-0.5427338815540914,2.363947155429474,0.3444357429826093,1.0,0.8561899476068608,-0.12869982172198302
0.5113202617820378,0.42163210881250146,0.21945344617532925,0.12838467610728863,0.6387789077471628,-0.48259731907032244,0.2857650869455345,0.0,-0.15020318167909463
0.474902471543873,0.4075387026501579,0.21945344617532925,0.05972630694619309,-0.3977488328300748,-1.4959029085199482,0.0,0.24700078982171708,-1.4443342891744675
0.7348607925201253,0.44186474238645335,0.5077858308633653,,-1.8758089647360532,-2.175916223586484,0.2857650869455345,0.0,-0.36422545749445506
0.6553885674463032,0.3738586335933308,0.3758974417400479,-0.8260404621716959,-0.2984071610496302,-1.2012697711253573,0.2857650869455345,0.0,-0.626286672173377
0.3290398519043237,0.2763876765498016,0.21945344617532925,-2.2189207737765053,-1.674411580087374,0.8090304386263145,0.0,0.0,-0.8587674716589083
0.5396520542784454,0.44186474238645335,0.5077858308633653,,-1.674411580087374,1.3644230817782694,0.2857650869455345,0.0,-0.7049143018836892
0.6426151344052142,0.547121570232652,0.3758974417400479,,-0.3450399300184051,-0.2971764138756423,0.5050403503809969,0.24700078982171708,-0.4328320636690469
0.3290398519043237,0.2763876765498016,0.21945344617532925,0.21528883727013248,-0.622206405446178,-1.658183493260073,0.0,0.0,0.3766985300146262
0.3290398519043237,0.2763876765498016,0.21945344617532925,0.5563161650251016,-0.5645607458870664,-2.0415629526571,0.0,0.0,0.5212310443742337
0.3290398519043237,0.2763876765498016,0.21945344617532925,-0.1764939817304188,-0.7044757629940833,-1.1812995105779407,0.0,0.0,1.0172654863445556
0.5396520542784454,0.44186474238645335,0.5077858308633653,-1.2158187065750916,-0.713521347049303,-0.7559235586028994,0.2857650869455345,0.0,-0.1328739104900711
0.3290398519043237,0.2763876765498016,0.21945344617532925,-0.6445650490223548,-0.8063002951738742,-0.5137489041881219,0.0,0.0,0.48996045077000655
0.7681609967011787,0.6760273309181778,0.3758974417400479,-1.9623465050140896,0.3733427183118221,0.7334017996557494,0.5050403503809969,0.24700078982171708,-1.6731176359339712
0.9554351572990415,0.7738487617625535,0.7290310511428268,0.19932108519068276,0.8306600000799735,-0.628838247214805,1.0,0.0,-0.04944557848501243
0.1734196902078083,0.10790118504332395,0.0,,-1.3828981466975172,1.6085129580943667,0.001262394374235698,0.0,-1.4572171456256753
0.1734196902078083,0.10790118504332395,0.0,-0.622395759799405,-0.1992458255487634,0.051333153393629406,0.001262394374235698,0.0,-0.2811894660754433
0.6833657258055631,0.6974377435865049,0.01557166172673069,0.46967701807364126,0.5253606828870755,0.3324361510232159,0.2857650869455345,0.24700078982171708,0.4526361273172988
0.3317683037256761,0.5038579695238022,0.0,1.5752232272495625,1.789807179467838,-0.03807368952575389,0.001262394374235698,0.24700078982171708,1.797062228361639
0.5810207075197654,0.6278185385064952,0.21945344617532925,0.662642013400874,1.0685744834246342,-0.5479731817799083,0.2857650869455345,0.24700078982171708,1.6616970073998132
0.45984789889833866,0.42163210881250146,0.21945344617532925,0.9137141148364532,0.9382522701923133,-1.0829204930421445,0.2857650869455345,0.0,1.5173119590889348
0.23241114105465335,0.2261606076935857,0.0,1.3576431542737304,0.31338003318386004,-1.5504027558058753,0.001262394374235698,0.0,1.0099633499991756
0.4029984208802134,0.37083294041174547,0.0,-0.7207865314752501,-0.4827530250373668,0.2550074199112299,0.001262394374235698,0.0,0.28981115643229444
0.4029984208802134,0.37083294041174547,0.0,-0.1038258851081337,-0.006807304001517913,-0.3710319325372267,0.001262394374235698,0.0,0.5816977090382237
0.5810207075197654,0.523986265525179,0.21945344617532925,0.7396750490046727,1.3805330672595608,0.5607261669745722,0.2857650869455345,0.499335201026967,-0.14123238172218552
0.4293564676097823,0.4505312654334669,0.01557166172673069,0.7629087886911187,0.8769630943470956,0.3540165648561864,0.001262394374235698,0.0,0.3821180942373677
0.6735208447917919,0.42163210881250146,0.21945344617532925,,-0.9021754027658361,-1.1746650766413371,0.2857650869455345,0.24700078982171708,-0.43663715356802807
0.915826782667775,0.7248768400049099,0.01557166172673069,-2.5015170201387766,0.6936041017403942,0.38027816998812636,0.6898979485566358,0.24700078982171708,-0.605194880180544
0.45984789889833866,0.42163210881250146,0.21945344617532925,,-1.010843194094626,1.060124659155519,0.2857650869455345,0.0,-2.5340409904956798
1.0000000000000002,1.0,0.62398183426819,-0.5190739747155355,2.363947155429474,0.8178648670049019,0.001262394374235698,0.24700078982171708,-0.36422545749445506
1.0000000000000002,1.0,0.7290310511428268,-1.1484577604304698,2.363947155429474,0.8046083054855211,0.001262394374235698,0.24700078982171708,0.044776130889566904
0.4029984208802134,0.37083294041174547,0.0,-2.5706607167296656,-0.8324272777159711,1.123426151369691,0.001262394374235698,0.0,-0.42459806221209234
0.26979851325500215,0.24722213017836037,0.0,,-1.554684432970242,2.1101618218696983,0.0,0.24700078982171708,-3.1521176410652942
0.69956653178298,0.7389906997389195,0.3758974417400479,-1.6152512270745727,-0.3920286486499014,-0.6522098543582023,0.001262394374235698,0.0,-0.500507048717369
0.23241114105465335,0.2261606076935857,0.0,-0.4363797259484174,-0.6073717171936578,-0.2057437259212603,0.001262394374235698,0.0,-0.3070646350143037
0.630683260923114,0.5501440512831479,0.01557166172673069,-0.7784851425132264,-0.4595828489214392,-0.6026889165226293,0.0,0.0,-0.27750407378310427
0.3903215094554977,0.35711780257400944,0.0,0.5053699715400942,0.45792826915653756,-0.3298612444866597,0.2857650869455345,0.0,-0.05003252763704585
0.5569240570903093,0.3230351788748938,0.0,1.3011163209362038,1.405974083929916,1.148568486896492,0.001262394374235698,0.0,0.5644110826560107
0.7507522650662942,0.6127300563200796,0.01557166172673069,-0.4516424798828254,1.500384702905138,0.1986626242760053,0.5050403503809969,0.0,-0.1555932905269108
0.470560313919422,0.3405520825740126,0.0,-0.6719325044950558,-0.2451393988853063,0.3755126243115109,0.001262394374235698,0.0,-0.248119298563286
0.470560313919422,0.3405520825740126,0.0,0.24456919171629496,0.2928464601884171,0.12426409443327507,0.001262394374235698,0.0,0.04708126625263297
0.5580701232166166,0.31324431887753007,0.0,0.44396373620746826,0.3733427183118221,-0.15537863584012718,0.001262394374235698,0.0,0.8525922836109572
0.7162509625448881,0.42163210881250146,0.21945344617532925,,-0.713521347049303,-1.2448894161349264,0.2857650869455345,0.24700078982171708,-0.15799073712335296
0.3684513198851477,0.2956451777526854,0.0,-0.08222895263566163,-0.10298547004945992,-0.21641247981992842,0.001262394374235698,0.24700078982171708,-0.2725944887225592
0.5935266057703551,0.48589227176973904,0.0,-0.06680024796158034,0.5514102803270198,1.3258972527670059,0.6898979485566358,0.0,-0.7986425555651704
0.4412366052606833,0.20474510841098364,0.0,0.24578369293265603,0.28770336295348475,-0.3903669113500138,0.001262394374235698,0.0,-0.29164638005914173
0.9063510222107826,0.887689069994525,0.01557166172673069,0.8032374991456022,1.6012419588011604,-0.14484009743131895,0.0,0.499335201026967,0.00717518105299927
0.5555734560990357,0.5484954697557176,0.01557166172673069,0.5895252230845001,0.8103848334513728,-0.25124654552726733,0.001262394374235698,0.24700078982171708,-0.5457353309500698
0.4293564676097823,0.4505312654334669,0.01557166172673069,1.1882151076042138,0.858002196678619,0.32522376189780416,0.001262394374235698,0.24700078982171708,0.04131653383541908
0.890170335116817,0.8780656328721961,0.3758974417400479,,-0.11801596256245832,1.1297211793981654,0.0,0.6929582047405358,-1.1443763829537357
0.5005193714680519,0.49529941802649435,0.01557166172673069,-0.2050858371221316,0.046755472876626375,-0.16858319028663202,0.001262394374235698,0.24700078982171708,-0.9190274823190682
0.5005193714680519,0.49529941802649435,0.01557166172673069,-0.02295208406065797,0.046755472876626375,-0.7230657186001392,0.001262394374235698,0.24700078982171708,-0.4277633112242667
0.8374049764270303,0.8353121742080202,0.3758974417400479,-0.31725900983722677,0.9710459140235753,0.03865515410276244,0.001262394374235698,0.499335201026967,-0.17841507236259738
0.5766309127509442,0.6091081401425832,0.21945344617532925,-0.5340335317248014,-0.4595828489214392,-0.516591262301732,0.001262394374235698,0.24700078982171708,-0.9042351661335138
0.69076193004737,0.6319387851540959,0.3758974417400479,-0.9873999679975842,-0.2325896478280851,-2.0036331371312444,0.2857650869455345,0.24700078982171708,-0.5166100687569725
0.5320117086259867,0.48463230566541005,0.01557166172673069,0.801673997727867,0.8461267876019793,0.18880277521607144,0.5050403503809969,0.0,-0.2861076054952921
0.6412844854132688,0.6001987115021524,0.21945344617532925,-0.027573255757027165,1.0246109719489245,0.9250432809606299,0.0,0.24700078982171708,-0.3436450367409759
0.737302721664848,0.6702421161999449,0.5077858308633653,-1.1818468775241382,0.9488088267919751,0.620381397980082,0.2857650869455345,0.24700078982171708,-0.35298898294231756
0.722937457398622,0.7498008202722097,0.5077858308633653,-0.7697838069935247,1.1191627398553343,0.5860406969798608,0.0,0.0,-0.75968989935363
0.5749863858629982,0.46665265777113696,0.3758974417400479,-0.1785766725333432,1.2667036225684942,0.15911326566023568,0.2857650869455345,0.0,-0.10788051030717918
0.7912622971677187,0.8070551360009267,0.3758974417400479,-0.5198591812483435,1.1944216189885073,-0.1659394781087758,0.001262394374235698,0.0,-0.316338862401455
0.2689129106258703,0.3319445757831676,0.01557166172673069,-1.3181639203171067,-1.554684432970242,1.5399637170126772,0.001262394374235698,0.0,-1.8957337250261
0.2689129106258703,0.3319445757831676,0.01557166172673069,-0.9029535421774646,-1.5037516189944722,-1.6057416404736393,0.001262394374235698,0.0,-0.9508979328576616
0.5427543530126352,0.5850766589902501,0.3758974417400479,,-0.8324272777159711,1.6415584935714755,0.0,0.0,-0.9830081611996901
0.45461971845844595,0.5204378320735854,0.21945344617532925,,-1.674411580087374,1.7892636753667361,0.001262394374235698,0.0,-4.358582410745126
0.36160775495112585,0.3872238011060093,0.01557166172673069,,-1.0877245736982144,2.0225666650530343,0.001262394374235698,0.0,-2.6708714933350715
0.4405959242241396,0.43707434694470026,0.01557166172673069,,-0.3734749276834776,2.0573671292169893,0.001262394374235698,0.0,-2.1719810224406992
1.0000000000000002,1.0,0.9999999999999998,,2.164705281919249,0.8662221605725325,1.0,0.0,-0.8979111035473887
0.8912844951257547,0.8094746726895902,0.3758974417400479,-0.8855323365777802,0.7840626215772564,-0.5940058590338073,0.2857650869455345,0.24700078982171708,-0.93457897173165
1.0000000000000002,1.0,0.9999999999999998,,2.363947155429474,0.9033243766439548,0.8527607619536549,0.0,-0.8901942404696194
0.8073027341731669,0.8517191153904271,0.5077858308633653,,-0.282940618762464,0.15166488714917717,0.001262394374235698,0.24700078982171708,-0.8282565649825486
0.9934528794097194,1.0,0.7290310511428268,-0.6979219865241635,1.7284933852155575,0.4864369489013573,0.001262394374235698,0.0,0.44728401104956245
0.2689129106258703,0.3319445757831676,0.01557166172673069,0.04684889514097575,-0.6281507725962169,-0.7409577891170648,0.001262394374235698,0.0,0.20712573969449335
0.2689129106258703,0.3319445757831676,0.01557166172673069,-0.061451933703170356,-0.7044757629940833,-1.4422050538506057,0.001262394374235698,0.0,-0.014349760397776848
0.2689129106258703,0.3319445757831676,0.01557166172673069,-0.1764939817304188,-0.7044757629940833,-1.0635292109130168,0.001262394374235698,0.0,-0.036549515575851614
0.630683260923114,0.5501440512831479,0.01557166172673069,-0.7784851425132264,-0.41781183441146785,-0.6026889165226293,0.0,0.0,-0.2824185415773161
0.2689129106258703,0.3319445757831676,0.01557166172673069,0.45083867180946624,0.24382870247406563,-0.5651812190784071,0.001262394374235698,0.0,0.10324522132725789
0.45461971845844595,0.5204378320735854,0.21945344617532925,0.7306609172420977,0.8805128405749797,0.061453326888790606,0.001262394374235698,0.0,0.2682890462357063
0.2689129106258703,0.3319445757831676,0.01557166172673069,0.15843922297308588,-0.10298547004945992,-0.6786490838574254,0.001262394374235698,0.0,0.07007736465850824
0.2689129106258703,0.3319445757831676,0.01557166172673069,-0.6445650490223548,-0.8063002951738742,-0.40700254521034945,0.001262394374235698,0.0,-0.38552117903237165
0.2689129106258703,0.3319445757831676,0.01557166172673069,-0.1764939817304188,-0.7286288190879481,-1.0635292109130168,0.001262394374235698,0.0,-0.14780941671133513
0.2689129106258703,0.3319445757831676,0.01557166172673069,0.45083867180946624,0.1983634861692753,-0.5651812190784071,0.001262394374235698,0.0,0.49474160324082594
0.5675079558060361,0.29493206813329415,0.21945344617532925,,-1.010843194094626,-0.9271662092070047,0.2857650869455345,0.0,-0.5522322962594896
0.6024095390999299,0.3279127562860387,0.0,0.629533893913931,-0.153684062380136,-0.9710743692883905,0.0,0.499335201026967,0.25167596159167044
0.4851481167336784,0.16226112288310002,0.0,0.7375559675657692,0.009307799457643193,-0.68159644275984,0.0,0.24700078982171708,0.8645737308868796
0.4851481167336784,0.16226112288310002,0.0,0.5652011061742614,-0.18955372549805116,-0.8498749734551727,0.0,0.24700078982171708,1.0806777436923727
0.7604224795986497,0.280459411734296,0.0,1.1198058833221731,0.048088929663962186,-1.278777822103332,0.2857650869455345,0.499335201026967,1.012398346209754
0.4851481167336784,0.16226112288310002,0.0,0.5289717763687471,-0.39631828430917054,-1.0506527063635025,0.0,0.24700078982171708,0.8805123832535424
0.6191331048875127,0.4113058314924295,0.0,,-2.009906392925866,1.1381047398413904,0.001262394374235698,0.24700078982171708,0.04131653383541908
0.5319418745456129,0.4113058314924295,0.0,-1.6247571050613911,0.08664176755482123,0.34922824215552145,0.5050403503809969,0.0,-1.2930360355538155
0.7117468464842455,0.16226112288310002,0.01557166172673069,-0.4363797259484174,-0.24793165281353827,-0.5766892518241196,0.0,0.0,0.0031096997691715165
0.9036480933397976,0.5204378320735854,0.5077858308633653,,-0.9444444911521706,0.13922759386333794,0.001262394374235698,0.0,-0.4436210263566033
0.7467915491990375,0.5917382830698235,0.01557166172673069,-0.5554414471348356,0.7008825943605821,-0.058730183977643874,0.8527607619536549,0.0,-0.18986479935800055
1.0000000000000002,0.8265581223018978,0.0,-1.5937445490578237,0.24771146939791427,1.755018356489943,0.5050403503809969,0.0,-0.38552117903237165
0.9094579395355845,0.6859702402061559,0.0,-2.04049713422753,0.2204850006722747,2.090181595880681,0.2857650869455345,0.0,-0.7177030597688753
0.7747961247753833,0.5785972556686528,0.0,-0.09976473052610332,-0.16883489215776115,-0.32166927411417234,0.2857650869455345,0.0,0.5270423333218878
0.9775886446558434,0.7566516863045609,0.21945344617532925,-0.5293001602700119,0.14208026902881185,-0.5052322765054733,0.5050403503809969,0.24700078982171708,-0.8552895794678357
0.874872601493888,0.7132316114522209,0.01557166172673069,-0.4524079024424438,-0.05810436894173043,-0.44604803628386336,0.2857650869455345,0.0,0.17234611849584922
0.9892519755370625,0.7363022052893436,0.0,-0.019655452474080858,0.14208026902881185,-0.48542067609276,0.5050403503809969,0.0,-0.05766894069142838
1.0000000000000002,0.8493423262140894,0.01557166172673069,-0.614234513623404,0.14208026902881185,-1.0186372204828675,0.5050403503809969,0.0,-0.6567769534127613
0.49531181870851604,0.37307216390032466,0.0,0.11893559178286749,-0.34787751674829503,0.020853687172926304,0.0,0.0,-0.30582939405844023
0.6654447625274403,0.5139102282870253,0.21945344617532925,-0.2882592861036664,-0.34787751674829503,-1.4068349486301215,0.2857650869455345,0.0,0.00020384571403752214
0.7747961247753833,0.5785972556686528,0.0,-0.09976473052610332,-0.11664809196904528,-0.32166927411417234,0.2857650869455345,0.0,-0.46910348781836697
0.7747961247753833,0.5785972556686528,0.0,0.07638959379476996,-0.11664809196904528,-1.3648276069663097,0.2857650869455345,0.0,0.5064120564063532
0.874872601493888,0.7132316114522209,0.01557166172673069,-0.7378642029905317,-0.11664809196904528,-0.8041607092772518,0.2857650869455345,0.0,0.06778225603101694
0.7747961247753833,0.5785972556686528,0.0,-0.34877109571895704,-0.18125804136395998,-0.6463555702338535,0.2857650869455345,0.0,-0.5509321798052097
0.49531181870851604,0.37307216390032466,0.0,0.11893559178286749,-0.3863138154406688,0.020853687172926304,0.0,0.0,0.0401628290837013
0.49531181870851604,0.37307216390032466,0.0,0.2838192381940267,-0.3863138154406688,-0.7739501130235049,0.0,0.0,0.07065098621900527
0.49531181870851604,0.37307216390032466,0.0,0.4410952720247032,-0.3863138154406688,-1.5983132390740031,0.0,0.0,0.07581078377606601
0.49531181870851604,0.37307216390032466,0.0,-0.3480342006147724,-0.5205960134916384,-0.43765388316153464,0.0,0.0,-0.5353589320804757
0.49531181870851604,0.37307216390032466,0.0,-0.09841222181976132,-0.4595828489214392,-0.1659394781087758,0.0,0.0,-0.20678575476866443
0.5145702029023224,0.4113058314924295,0.0,0.8984807158136575,0.09061712290866769,-0.5508367123176576,0.001262394374235698,0.0,-0.5613432728633485
0.09825179204264348,0.4113058314924295,0.0,-0.1799659502910522,0.365717062352141,0.11926681013374742,0.2857650869455345,0.0,0.29476586710989167
0.1234122621378643,0.10790118504332395,0.0,0.6010785385000089,0.35553632869455115,-0.16858319028663202,0.001262394374235698,0.0,0.5228165246593311
0.5145702029023224,0.4113058314924295,0.0,0.8565456733872135,0.15783506810918158,-0.45165247832296884,0.001262394374235698,0.0,0.238905017794296
0.21666952991703817,0.4113058314924295,0.01557166172673069,0.29401038255422857,0.2554703094571782,-0.6963625254692561,0.0,0.0,0.12145655064009601
0.21666952991703817,0.4113058314924295,0.01557166172673069,-0.3873625861764555,-0.336535006667448,-0.5279781916091583,0.0,0.0,0.3271371287741392
0.5145702029023224,0.4113058314924295,0.0,1.6405377036943727,1.0106743026090184,-0.8867996932469213,0.001262394374235698,0.0,0.8170079193920652
0.5145702029023224,0.4113058314924295,0.0,1.2876834568102824,0.576130280037357,-0.8529399014520089,0.001262394374235698,0.0,0.9546763211523965
0.5145702029023224,0.4113058314924295,0.0,1.0844554654340892,0.365717062352141,-0.6786490838574254,0.001262394374235698,0.0,0.5085314021294157
0.5145702029023224,0.4113058314924295,0.0,1.0844554654340892,0.39996615798529095,-0.6786490838574254,0.001262394374235698,0.0,1.157272386540445
0.1819063761931127,0.09165253019393778,0.0,0.7875743961457485,0.7311308022622254,-0.6055869596230674,0.001262394374235698,0.0,0.14243628853087115
0.3502867033808482,0.4113058314924295,0.0,1.2876834568102824,0.7311308022622254,-1.0090808963154152,0.001262394374235698,0.0,0.8285581764022424
0.5145702029023224,0.4113058314924295,0.0,0.5961315055523086,-0.18540452139836183,-0.5422514647774621,0.001262394374235698,0.0,-0.20255016504134454
0.1784525657102866,0.16226112288310002,0.0,-0.21913503899142978,-0.18540452139836183,-0.36827618103413456,0.0,0.0,-0.473576987245252
0.1784525657102866,0.16226112288310002,0.0,0.4070716569916822,0.39996615798529095,-0.5565691341404057,0.0,0.0,0.20656654703488977
0.1784525657102866,0.16226112288310002,0.0,-0.21913503899142978,-0.18540452139836183,-0.36827618103413456,0.0,0.0,-0.5907500294929209
0.9695311525452551,0.280459411734296,0.0,0.3137070663749855,1.302593563064072,-1.2651869429684948,0.2857650869455345,0.0,-0.5327684223214166
0.3502867033808482,0.4113058314924295,0.0,0.8565456733872135,0.2554703094571782,-1.0027222605588249,0.001262394374235698,0.0,0.6088331839013944
0.3502867033808482,0.4113058314924295,0.0,0.28921833510801276,-0.336535006667448,-0.9900341795360517,0.001262394374235698,0.0,-0.7055864909897127
0.1784525657102866,0.16226112288310002,0.0,-1.7439080205420585,-0.8943827634892465,0.08163489223383172,0.0,0.0,-1.900301791093721
0.3502867033808482,0.4113058314924295,0.0,-0.9363417488430255,-1.1054975074587203,-0.9553400630544031,0.001262394374235698,0.0,-1.386105682664371
0.7100728674908293,0.49154988999517346,0.21945344617532925,-0.7977424127125484,0.7660609962519406,0.29869658661348325,0.8527607619536549,0.0,0.3189250853568857
0.5145702029023224,0.4113058314924295,0.0,0.21835082551783816,-0.8063002951738742,-0.4685061001971691,0.001262394374235698,0.0,-0.36047707853361355
1.0000000000000002,1.0,0.62398183426819,,2.363947155429474,1.2563776624167768,1.0,1.0,0.1661520791949665
0.5145702029023224,0.4113058314924295,0.0,0.5895252230845001,-0.4813022763147366,0.4840996140992953,0.001262394374235698,0.0,-0.4220673667832138
0.23241114105465335,0.2261606076935857,0.0,-2.5080846441282043,-1.674411580087374,0.766886631779246,0.001262394374235698,0.0,0.8114760632401277
0.3067633981492597,0.2650670604956799,0.0,,-2.009906392925866,0.9315438157110311,0.0,0.24700078982171708,-2.6863980843090878
0.3317683037256761,0.2956451777526854,0.0,0.23057086854962033,0.04542174448182995,0.9704019263697445,0.001262394374235698,0.24700078982171708,0.22610412111691805
0.4770249415225204,0.4221839982190396,0.0,0.7258801957453161,1.173969655855483,0.26231345946485146,0.001262394374235698,0.24700078982171708,0.5796051051002161
0.580432508109085,0.2763876765498016,0.21945344617532925,,-1.8758089647360532,-1.2550249419666464,0.0,0.24700078982171708,-0.5204830057074541
0.45461971845844595,0.5204378320735854,0.21945344617532925,-1.4278562454474062,-1.0700097996414395,1.3319955122639895,0.001262394374235698,0.0,-2.498120206933371
0.36160775495112585,0.3872238011060093,0.01557166172673069,-0.5451117891336522,-0.09071400712006562,0.474740554213467,0.001262394374235698,0.0,-1.236257369969763
0.4377046285886834,0.38946713857859516,0.01557166172673069,-0.007160003888110499,0.2204850006722747,0.12426409443327507,0.0,0.0,0.15656543469482542
0.4917683291676418,0.2836624120155103,0.0,-0.8233727640012471,-0.5293630663359054,1.9875964177091547,0.001262394374235698,0.0,-1.0757043342628192
0.45461971845844595,0.5204378320735854,0.21945344617532925,0.8974631065634912,0.8840608806039489,-0.1212092080012306,0.001262394374235698,0.0,0.489428964415074
0.5145702029023224,0.4113058314924295,0.0,0.6458528665494336,-0.8063002951738742,0.9875931702334919,0.001262394374235698,0.0,0.18864185045987045
0.23241114105465335,0.2261606076935857,0.0,-0.6979219865241635,-0.8324272777159711,1.30348763063115,0.001262394374235698,0.0,-0.2683025957418839
0.5145702029023224,0.4113058314924295,0.0,1.0212507588037043,-0.5955307965758377,1.3946779036249668,0.001262394374235698,0.0,0.5423349069629793
0.5145702029023224,0.4113058314924295,0.0,1.3168135062417419,-0.1646992549771898,1.3441748395836208,0.001262394374235698,0.0,0.4515661081877544
0.5435106678484837,0.46909896176498767,0.0,1.9674185005359892,2.022465318045593,0.929377743701453,0.001262394374235698,0.499335201026967,0.9117705123802555
0.5675079558060361,0.29493206813329415,0.21945344617532925,-0.2868170679141016,0.06938743447993041,0.3420379237998318,0.2857650869455345,0.0,-0.5973102740218983
0.5569240570903093,0.3230351788748938,0.0,0.5115661871204938,0.6167305908076605,2.081081412918639,0.001262394374235698,0.0,0.2127145000162347
0.8311318310089858,0.19042656153573778,0.0,0.560761310178493,0.6167305908076605,-0.34903025340825566,0.001262394374235698,0.0,1.6059102397530436
0.5065569561668571,0.39837654896847585,0.0,0.5889741696467925,1.2846692727837197,-0.03549749903427177,0.5050403503809969,0.0,0.2577732772264352
0.7915181648687745,0.589314724038466,0.0,0.953054893524819,0.7564418722349363,0.7356400532353283,0.5050403503809969,0.0,1.3040455924214367
0.49376383711547167,0.24722213017836037,0.0,0.43074966086590877,0.5091862336270337,-0.15010658748297917,0.0,0.0,0.5832666667175646
0.26979851325500215,0.24722213017836037,0.0,0.27118800275031774,0.10913717062482552,0.6658533357892599,0.0,0.24700078982171708,-0.8972090011599759
0.9182282019373583,0.05100747386529715,0.0,-0.4424744210351644,0.31466132755386356,-0.617197679540541,0.2857650869455345,0.0,0.8029168356505356
0.6553885674463032,0.3738586335933308,0.3758974417400479,,-1.2531727846026925,-0.6845457490424116,0.2857650869455345,0.0,-0.3318350177218315
0.16630806439983922,0.17249058620751878,0.01557166172673069,-1.3181639203171067,-1.3675662525448196,1.825228993455096,0.0,0.0,-0.8692178328059598
0.16630806439983922,0.17249058620751878,0.01557166172673069,-0.13104085076200914,-0.39631828430917054,0.27689600586830165,0.0,0.0,0.5370661951838998
0.6100607978851309,0.524237374841278,0.21945344617532925,0.12901364058231007,0.16700817755902753,0.6522492023805762,0.8527607619536549,0.0,-0.5444370214688723
0.7558123790525545,0.524237374841278,0.21945344617532925,-0.07685359975725668,0.20487738902022765,0.37789591112159865,0.8527607619536549,0.0,-0.5256518930947139
0.3317683037256761,0.2956451777526854,0.0,-1.5791318473647051,-1.2531727846026925,1.890999691609704,0.001262394374235698,0.24700078982171708,-1.6577489420771379
0.8517654716037008,0.38075166817026784,0.0,-1.5093081264089272,0.2554703094571782,0.5514929939661448,0.0,0.0,0.6941117377528997
0.5569240570903093,0.3230351788748938,0.0,1.1409716170513056,0.7226740711129896,1.1318181192038985,0.001262394374235698,0.0,1.0903029257180201
0.7268927881629176,0.3566680357011472,0.01557166172673069,0.7896664273972894,0.6583204096939472,1.165274394187445,0.0,0.0,1.7974946646433974
0.9568788586073275,0.26174713412165995,0.0,-0.9626661382759213,0.28513035267482323,1.019697546899246,0.001262394374235698,0.0,2.1711068334366654
0.5145702029023224,0.4113058314924295,0.0,0.34333762569474924,-0.6073717171936578,0.14420602041059535,0.001262394374235698,0.0,0.00775570595336284
0.7740148530293391,0.6315049500927603,0.62398183426819,,-0.7894582847767609,1.3866236531335694,0.8527607619536549,0.0,-1.7501077938392653
0.0,0.0,0.0,1.2881473390955003,1.0593402518726116,0.11676638832363109,0.0,0.0,0.5848352002587417
0.4851481167336784,0.16226112288310002,0.0,-0.951345285787661,-1.674411580087374,-0.8991792872317174,0.0,0.24700078982171708,0.5148847392135981
0.16630806439983922,0.17249058620751878,0.01557166172673069,,-2.009906392925866,2.1101618218696983,0.0,0.0,-0.9822919566029479
0.6895050146714974,0.47514663422219405,0.01557166172673069,-2.6454248530549083,-0.45524832642350815,0.29143943928509985,0.2857650869455345,0.24700078982171708,1.2816807980891676
0.5080038675817706,0.43911449722432827,0.01557166172673069,-0.5923303155675774,0.29413162627834527,0.8727862315085055,0.0,0.0,0.2394608975366508
0.5675079558060361,0.29493206813329415,0.21945344617532925,,-1.283209343566901,-0.34354558522330003,0.2857650869455345,0.0,-0.40123985168141696
0.28018461377247794,0.4756208406785526,0.01557166172673069,0.9964924028595549,1.1853385758322015,0.2865959546235429,0.0,0.0,0.7048773066015847
0.8349591462628946,0.682496954504364,0.0,0.4742290563838259,1.9142077428105304,0.36358072439302247,0.5050403503809969,0.499335201026967,1.0075274015393736
0.8681599845753537,0.704103557593169,0.01557166172673069,0.23849011483679577,1.303712464435729,0.5120838990355613,0.2857650869455345,0.499335201026967,-0.24872970943558037
0.6365492448723582,0.4635473561670864,0.21945344617532925,-1.052494676028625,0.33512937765718914,0.32522376189780416,0.5050403503809969,0.0,0.8745402741828799
0.6608456855710442,0.5532319321480962,0.0,-1.1278724871680383,0.9640308319631222,0.34683251531119663,0.001262394374235698,0.0,-1.3194006992350649
0.5569240570903093,0.3230351788748938,0.0,-0.8691519328678196,-0.4653670543303808,1.8797684462928042,0.001262394374235698,0.0,2.1711068334366654
0.9338227259222059,0.4481116081010287,0.0,-1.0843159177246366,0.699670023157811,-0.15537863584012718,0.0,0.499335201026967,0.6103948381839704
0.6131382293278339,0.5004400870385107,0.0,-0.3121625038482645,1.7008591069601275,0.3588007219844985,0.001262394374235698,0.0,1.7606419325972376
0.24885072803262745,0.20358886102133328,0.0,1.0532174938987835,0.9323810386853272,-0.3959056483524666,0.001262394374235698,0.0,1.3388378909710714
0.5005193714680519,0.49529941802649435,0.01557166172673069,0.2330095466900267,0.5613086631543363,0.04119323316214565,0.001262394374235698,0.24700078982171708,-0.4208025196019508
0.42097497659223004,0.20474510841098364,0.0,,-1.8758089647360532,0.7780061782702657,0.001262394374235698,0.0,-3.4858664892317837
0.09825179204264348,0.4113058314924295,0.0,-0.5794388601625104,0.33257422399248726,0.394550210594024,0.2857650869455345,0.0,0.19088568543975956
0.5145702029023224,0.4113058314924295,0.0,1.207157379077634,0.42144347359983925,-0.5365368510942217,0.001262394374235698,0.0,0.9097906089762148
0.5145702029023224,0.4113058314924295,0.0,0.5256094227206347,-0.622206405446178,0.26231345946485146,0.001262394374235698,0.0,-0.11084950254612216
0.49531181870851604,0.37307216390032466,0.0,-0.09841222181976132,-0.41781183441146785,-0.1659394781087758,0.0,0.0,-0.2861076054952921
0.2689129106258703,0.3319445757831676,0.01557166172673069,-0.13104085076200914,-0.650495938869771,0.036115831800903914,0.001262394374235698,0.0,-0.2689154954808603
0.5145702029023224,0.4113058314924295,0.0,0.1403143078634992,-0.8063002951738742,-0.014934544665300522,0.001262394374235698,0.0,-0.9508979328576616
0.3290398519043237,0.2763876765498016,0.21945344617532925,-0.36874163280362604,-0.7286288190879481,-0.2324590504626701,0.0,0.0,0.4585176278184859
0.1734196902078083,0.10790118504332395,0.0,1.1424109157419364,0.3860333821169505,-1.5540654854968743,0.001262394374235698,0.0,0.5649356789019085
0.5145702029023224,0.4113058314924295,0.0,-0.10857080087995213,-1.554684432970242,-1.2719764216102525,0.001262394374235698,0.0,-0.615728696065266
0.5145702029023224,0.4113058314924295,0.0,-0.10857080087995213,-1.3675662525448196,-0.48259731907032244,0.001262394374235698,0.0,-1.2408308560889267
0.1234122621378643,0.10790118504332395,0.0,-0.578635308064613,-0.8324272777159711,0.11176197691819141,0.001262394374235698,0.0,-1.113220968266269
0.5145702029023224,0.4113058314924295,0.0,-0.7645783780366195,-2.009906392925866,-1.251643501891379,0.001262394374235698,0.0,-1.2021222008458212
0.5145702029023224,0.4113058314924295,0.0,0.9660844945886502,-0.41637656904313347,-1.4103568863553568,0.001262394374235698,0.0,0.49951875827611203
0.3290398519043237,0.2763876765498016,0.21945344617532925,0.7210935375057672,-0.4827530250373668,-2.335315229945206,0.0,0.0,0.5890158854171896
0.2689129106258703,0.3319445757831676,0.01557166172673069,0.7210935375057672,-0.4827530250373668,-2.1538381888182476,0.001262394374235698,0.0,0.6930854230777892
0.2689129106258703,0.3319445757831676,0.01557166172673069,0.7210935375057672,-0.4827530250373668,-2.1538381888182476,0.001262394374235698,0.0,0.6155973336920275
0.5145702029023224,0.4113058314924295,0.0,1.1009568017125513,-0.5454695147950018,-1.2719764216102525,0.001262394374235698,0.0,0.5843124028502475
0.49531181870851604,0.37307216390032466,0.0,0.4410952720247032,-0.3677773819749243,-1.5983132390740031,0.0,0.0,-0.1400374722253211
0.5145702029023224,0.4113058314924295,0.0,1.9246236851806233,0.449139129703897,-1.5430884689800133,0.001262394374235698,0.0,1.5312601874627771
0.5145702029023224,0.4113058314924295,0.0,1.6064789269378907,0.31081672143372613,-1.2482649958221737,0.001262394374235698,0.0,1.1429811337462166
0.5320117086259867,0.48463230566541005,0.01557166172673069,0.926364899791327,0.9955470069365016,0.24525063067028474,0.5050403503809969,0.0,0.30026588452271885
0.3903215094554977,0.3444178611949765,0.0,0.5790412031137745,0.8532543341133514,-0.30804681903338055,0.2857650869455345,0.24700078982171708,0.18976388430716026
0.5145702029023224,0.4113058314924295,0.0,1.125107189997703,0.1983634861692753,-0.7829913241523596,0.001262394374235698,0.0,0.5170009544388405
0.5081483912564568,0.42585939233192704,0.0,0.4542711928147993,-0.1303400140580401,-1.6393642118624037,0.2857650869455345,0.499335201026967,0.9196837402377195
0.9414278326789641,0.7380137804807548,0.3758974417400479,,0.2748285412460475,0.04880002910590476,0.6898979485566358,0.0,-0.39243108826851497
0.3290398519043237,0.2763876765498016,0.21945344617532925,0.21528883727013248,-0.6281507725962169,-1.658183493260073,0.0,0.0,0.5249298176064906
0.5396520542784454,0.44186474238645335,0.5077858308633653,0.7045604082179451,0.4390807696679295,-1.452882152363371,0.2857650869455345,0.0,0.4952725954655312
0.3290398519043237,0.2763876765498016,0.21945344617532925,-0.1764939817304188,-0.713521347049303,-1.1812995105779407,0.0,0.0,0.869060694458816
0.3290398519043237,0.2763876765498016,0.21945344617532925,-0.1764939817304188,-0.7286288190879481,-1.1812995105779407,0.0,0.0,0.39294152136057986
0.8917020063440381,0.5170819465345113,0.5077858308633653,-2.7341089312320257,-0.19370565903888307,-1.3613480448794202,0.8527607619536549,0.24700078982171708,-0.2885685149090425
0.5766309127509442,0.6091081401425832,0.21945344617532925,0.5540915804622939,1.0524071699326916,0.40167246066348233,0.001262394374235698,0.0,0.02687698765113545
0.44657656785460864,0.34750514555390694,0.0,1.0844554654340892,1.9824166266524024,0.2841725920364048,0.001262394374235698,0.24700078982171708,1.8195136855752034
0.26979851325500215,0.24722213017836037,0.0,-2.2279736064760116,-0.922487207385374,1.260487934863688,0.0,0.24700078982171708,0.23723703877012048
0.7518198371478677,0.6096909682562948,0.01557166172673069,0.28441955961051424,1.0257711962655995,-0.717117759899202,0.5050403503809969,0.24700078982171708,-0.2787322324064162
0.5080038675817706,0.43911449722432827,0.01557166172673069,-0.9195845668513997,0.6142765605315642,0.624944716788661,0.0,0.0,-0.6302521760466315
0.4293564676097823,0.4505312654334669,0.01557166172673069,-0.5151514806142814,-0.5454695147950018,-0.36827618103413456,0.001262394374235698,0.0,-0.015515807339253037
0.6815211727404747,0.6881439576814918,0.21945344617532925,,-0.8586752369239654,0.17397873417046109,0.001262394374235698,0.499335201026967,-1.123579771850617
0.5005193714680519,0.49529941802649435,0.01557166172673069,-0.007160003888110499,0.06938743447993041,-0.045810069616398774,0.001262394374235698,0.24700078982171708,-0.6276081262494104
1.0000000000000002,1.0,0.5077858308633653,,0.7768673145031553,1.2460904170164904,0.2857650869455345,0.8561899476068608,-0.8796933615051119
0.8972533521019838,0.8123236993209341,0.5077858308633653,,-0.5601496320146232,1.7949548004029634,0.0,0.24700078982171708,-0.34924925299201065
0.5206787073702944,0.5222144877695535,0.21945344617532925,0.9137141148364532,0.7936453243515137,-0.8713756249322787,0.0,0.24700078982171708,-0.21830043956454126
0.2689129106258703,0.3319445757831676,0.01557166172673069,-1.936289053395486,-1.674411580087374,-0.11597297749606708,0.001262394374235698,0.0,-1.2630105755056673
0.3034824740800246,0.3483085412659463,0.01557166172673069,,-1.2531727846026925,2.1101618218696983,0.0,0.0,-0.9815758730582832
0.5857100244652851,0.5986106929347158,0.21945344617532925,,-0.1646992549771898,1.9931294249523703,0.001262394374235698,0.0,-3.5482620638280316
0.2689129106258703,0.3319445757831676,0.01557166172673069,0.7210935375057672,-0.4827530250373668,-2.1538381888182476,0.001262394374235698,0.0,0.8700573484579331
0.2689129106258703,0.3319445757831676,0.01557166172673069,0.5563161650251016,-0.5513372152330495,-1.8642974471016607,0.001262394374235698,0.0,0.5375932833598627
0.5675079558060361,0.29493206813329415,0.21945344617532925,0.44224293419852745,0.7335451955245135,-0.8498749734551727,0.2857650869455345,0.0,-0.5900945163972373
0.846161670126789,0.1876835216894105,0.0,-1.5309605319148387,-0.4221196637106118,-1.4886976337746685,0.2857650869455345,0.0,0.775647637182552
0.49531181870851604,0.37307216390032466,0.0,0.07766779820100618,-0.4595828489214392,-1.1154466410659303,0.0,0.0,-0.5191916721080684
0.5145702029023224,0.4113058314924295,0.0,1.2876834568102824,0.5650169819588847,-0.8529399014520089,0.001262394374235698,0.0,0.9013688740789303
0.309514553360387,0.2935021870432896,0.21945344617532925,0.5629818756143207,0.5377772762371946,-0.41812549122941794,0.2857650869455345,0.0,0.0935450607612078
0.1234122621378643,0.10790118504332395,0.0,0.5345688410104456,0.39996615798529095,-0.34903025340825566,0.001262394374235698,0.0,-0.32129229772125517
0.5145702029023224,0.4113058314924295,0.0,1.4717306873261415,0.8698584734333422,-0.7559235586028994,0.001262394374235698,0.0,0.9241304514029318
0.1819063761931127,0.09165253019393778,0.0,0.29401038255422857,0.2554703094571782,-0.47977567058512943,0.001262394374235698,0.0,0.28650553874802764
0.5145702029023224,0.4113058314924295,0.0,-0.08896151086452003,-0.8943827634892465,-0.2324590504626701,0.001262394374235698,0.0,-1.3396828106497707
